onset	duration	stim_type	trial_type
577.6266666666667	0.0	22	n/a
813.7833333333333	0.0	22	n/a
870.4033333333333	0.0	20	n/a
880.585	0.0	24	n/a
938.63	0.0	22	n/a
1020.025	0.0	24	n/a
1136.595	0.0	22	n/a
1216.648333333333	0.0	24	n/a
1338.468333333333	0.0	22	n/a
1420.953333333333	0.0	21	n/a
1420.953333333333	0.0	24	n/a
1428.583333333333	0.0	18	n/a
1428.583333333333	0.0	20	n/a
1428.583333333333	0.0	21	n/a
1433.786666666667	0.0	19	n/a
1433.786666666667	0.0	21	n/a
1433.786666666667	0.0	22	n/a
1439.781666666667	0.0	22	n/a
1443.6	0.0	18	n/a
1443.6	0.0	19	n/a
1443.6	0.0	20	n/a
1443.6	0.0	21	n/a
1448.206666666667	0.0	21	n/a
1448.206666666667	0.0	22	n/a
1448.206666666667	0.0	23	n/a
1448.206666666667	0.0	24	n/a
1448.206666666667	0.0	25	n/a
1453.555	0.0	24	n/a
1453.555	0.0	19	n/a
1457.556666666667	0.0	19	n/a
1457.556666666667	0.0	24	n/a
1457.556666666667	0.0	25	n/a
1462.04	0.0	25	n/a
1469.703333333333	0.0	20	n/a
1469.703333333333	0.0	23	n/a
1469.703333333333	0.0	25	n/a
1469.703333333333	0.0	24	n/a
1475.463333333333	0.0	18	n/a
1475.463333333333	0.0	24	n/a
1480.765	0.0	18	n/a
1480.765	0.0	20	n/a
1480.765	0.0	24	n/a
1480.765	0.0	22	n/a
1480.765	0.0	25	n/a
1487.223333333333	0.0	19	n/a
1487.223333333333	0.0	20	n/a
1487.223333333333	0.0	25	n/a
1487.223333333333	0.0	24	n/a
1491.05	0.0	20	n/a
1491.05	0.0	25	n/a
1491.05	0.0	21	n/a
1495.788333333333	0.0	18	n/a
1495.788333333333	0.0	21	n/a
1495.788333333333	0.0	22	n/a
1495.788333333333	0.0	23	n/a
1500.958333333333	0.0	18	n/a
1500.958333333333	0.0	19	n/a
1500.958333333333	0.0	20	n/a
1500.958333333333	0.0	24	n/a
1500.958333333333	0.0	22	n/a
1506.61	0.0	18	n/a
1506.61	0.0	23	n/a
1506.61	0.0	24	n/a
1506.61	0.0	21	n/a
1506.61	0.0	25	n/a
1511.783333333333	0.0	18	n/a
1511.783333333333	0.0	19	n/a
1511.783333333333	0.0	20	n/a
1511.783333333333	0.0	22	n/a
1511.783333333333	0.0	21	n/a
1511.783333333333	0.0	23	n/a
1517.765	0.0	18	n/a
1517.765	0.0	20	n/a
1517.765	0.0	21	n/a
1522.596666666667	0.0	20	n/a
1522.596666666667	0.0	22	n/a
1522.596666666667	0.0	25	n/a
1556.156666666667	0.0	23	n/a
1613.171666666667	0.0	21	n/a
1626.021666666667	0.0	22	n/a
1701.318333333333	0.0	23	n/a
1768.356666666667	0.0	21	n/a
1791.08	0.0	22	n/a
1863.37	0.0	23	n/a
1917.018333333333	0.0	21	n/a
1936.571666666667	0.0	22	n/a
2020.095	0.0	23	n/a
2020.095	0.0	24	n/a
2020.095	0.0	25	n/a
2024.118333333333	0.0	19	n/a
2024.118333333333	0.0	18	n/a
2024.118333333333	0.0	25	n/a
2024.118333333333	0.0	21	n/a
2027.923333333333	0.0	18	n/a
2027.923333333333	0.0	20	n/a
2027.923333333333	0.0	21	n/a
2027.923333333333	0.0	25	n/a
2032.358333333333	0.0	18	n/a
2032.358333333333	0.0	19	n/a
2032.358333333333	0.0	20	n/a
2032.358333333333	0.0	22	n/a
2032.358333333333	0.0	25	n/a
2032.358333333333	0.0	24	n/a
2036.411666666667	0.0	18	n/a
2036.411666666667	0.0	19	n/a
2036.411666666667	0.0	22	n/a
2036.411666666667	0.0	23	n/a
2036.411666666667	0.0	25	n/a
2041.068333333333	0.0	20	n/a
2041.068333333333	0.0	22	n/a
2041.068333333333	0.0	24	n/a
2046.011666666667	0.0	18	n/a
2046.011666666667	0.0	24	n/a
2046.011666666667	0.0	25	n/a
2049.488333333333	0.0	18	n/a
2049.488333333333	0.0	19	n/a
2049.488333333333	0.0	20	n/a
2049.488333333333	0.0	23	n/a
2049.488333333333	0.0	22	n/a
2054.94	0.0	21	n/a
2054.94	0.0	24	n/a
2054.94	0.0	25	n/a
2058.908333333333	0.0	18	n/a
2058.908333333333	0.0	19	n/a
2058.908333333333	0.0	21	n/a
2063.65	0.0	18	n/a
2063.65	0.0	20	n/a
2063.65	0.0	23	n/a
2063.65	0.0	24	n/a
2063.65	0.0	25	n/a
2063.65	0.0	19	n/a
2068.336666666667	0.0	22	n/a
2068.336666666667	0.0	24	n/a
2072.835	0.0	18	n/a
2072.835	0.0	23	n/a
2072.835	0.0	24	n/a
2072.835	0.0	21	n/a
2072.835	0.0	19	n/a
2076.783333333333	0.0	20	n/a
2076.783333333333	0.0	23	n/a
2076.783333333333	0.0	25	n/a
2076.783333333333	0.0	22	n/a
2081.508333333333	0.0	18	n/a
2081.508333333333	0.0	19	n/a
2081.508333333333	0.0	20	n/a
2085.316666666667	0.0	18	n/a
2085.316666666667	0.0	19	n/a
2085.316666666667	0.0	21	n/a
2085.316666666667	0.0	25	n/a
2085.316666666667	0.0	24	n/a
2091.426666666667	0.0	18	n/a
2091.426666666667	0.0	22	n/a
2091.426666666667	0.0	20	n/a
2091.426666666667	0.0	24	n/a
2091.426666666667	0.0	19	n/a
2091.426666666667	0.0	23	n/a
2097.318333333333	0.0	18	n/a
2097.318333333333	0.0	25	n/a
2097.318333333333	0.0	21	n/a
2097.318333333333	0.0	24	n/a
2097.318333333333	0.0	20	n/a
2101.295	0.0	18	n/a
2101.295	0.0	21	n/a
2101.295	0.0	19	n/a
2105.395	0.0	18	n/a
2105.395	0.0	20	n/a
2105.395	0.0	22	n/a
2125.378333333334	0.0	23	n/a
2164.513333333333	0.0	21	n/a
2186.125	0.0	22	n/a
2279.065	0.0	23	n/a
2333.341666666667	0.0	21	n/a
2355.371666666666	0.0	22	n/a
2430.486666666667	0.0	23	n/a
2482.651666666667	0.0	21	n/a
2507.925	0.0	22	n/a
2571.286666666667	0.0	18	n/a
2571.286666666667	0.0	19	n/a
2571.286666666667	0.0	21	n/a
2571.286666666667	0.0	24	n/a
2575.266666666667	0.0	18	n/a
2575.266666666667	0.0	20	n/a
2575.266666666667	0.0	25	n/a
2580.3	0.0	18	n/a
2580.3	0.0	19	n/a
2580.3	0.0	23	n/a
2580.3	0.0	21	n/a
2580.3	0.0	24	n/a
2580.3	0.0	25	n/a
2585.098333333333	0.0	18	n/a
2585.098333333333	0.0	20	n/a
2588.716666666667	0.0	19	n/a
2588.716666666667	0.0	21	n/a
2588.716666666667	0.0	24	n/a
2588.716666666667	0.0	23	n/a
2595.716666666667	0.0	20	n/a
2595.716666666667	0.0	22	n/a
2595.716666666667	0.0	23	n/a
2595.716666666667	0.0	24	n/a
2595.716666666667	0.0	21	n/a
2600.146666666667	0.0	18	n/a
2600.146666666667	0.0	20	n/a
2600.146666666667	0.0	22	n/a
2600.146666666667	0.0	21	n/a
2600.146666666667	0.0	23	n/a
2600.146666666667	0.0	25	n/a
2605.275	0.0	20	n/a
2605.275	0.0	21	n/a
2605.275	0.0	22	n/a
2605.275	0.0	25	n/a
2605.275	0.0	23	n/a
2605.275	0.0	24	n/a
2609.586666666667	0.0	18	n/a
2609.586666666667	0.0	24	n/a
2609.586666666667	0.0	19	n/a
2613.66	0.0	18	n/a
2613.66	0.0	22	n/a
2613.66	0.0	25	n/a
2613.66	0.0	23	n/a
2617.388333333333	0.0	18	n/a
2617.388333333333	0.0	19	n/a
2617.388333333333	0.0	22	n/a
2617.388333333333	0.0	21	n/a
2621.236666666667	0.0	18	n/a
2621.236666666667	0.0	25	n/a
2627.71	0.0	21	n/a
2631.446666666667	0.0	22	n/a
2631.446666666667	0.0	23	n/a
2631.446666666667	0.0	24	n/a
2635.238333333333	0.0	21	n/a
2635.238333333333	0.0	20	n/a
2635.238333333333	0.0	24	n/a
2635.238333333333	0.0	22	n/a
2635.238333333333	0.0	19	n/a
2635.238333333333	0.0	25	n/a
2640.996666666666	0.0	19	n/a
2640.996666666666	0.0	20	n/a
2640.996666666666	0.0	24	n/a
2640.996666666666	0.0	25	n/a
2640.996666666666	0.0	22	n/a
2647.498333333333	0.0	20	n/a
2647.498333333333	0.0	23	n/a
2647.498333333333	0.0	22	n/a
2647.498333333333	0.0	24	n/a
2647.498333333333	0.0	25	n/a
2655.14	0.0	18	n/a
2655.14	0.0	20	n/a
2655.14	0.0	22	n/a
2655.14	0.0	19	n/a
2655.14	0.0	21	n/a
2655.14	0.0	23	n/a
2655.14	0.0	24	n/a
2661.548333333333	0.0	18	n/a
2661.548333333333	0.0	20	n/a
2661.548333333333	0.0	22	n/a
2667.461666666667	0.0	19	n/a
2667.461666666667	0.0	20	n/a
2667.461666666667	0.0	22	n/a
2667.461666666667	0.0	25	n/a
2676.965	0.0	24	n/a
2775.256666666667	0.0	22	n/a
2845.261666666667	0.0	24	n/a
3097.166666666667	0.0	22	n/a
3157.821666666667	0.0	24	n/a
3231.833333333333	0.0	22	n/a
3307.413333333333	0.0	18	n/a
3310.905	0.0	20	n/a
3310.905	0.0	23	n/a
3310.905	0.0	22	n/a
3310.905	0.0	24	n/a
3315.956666666666	0.0	22	n/a
3315.956666666666	0.0	23	n/a
3319.873333333333	0.0	18	n/a
3319.873333333333	0.0	19	n/a
3319.873333333333	0.0	25	n/a
3319.873333333333	0.0	24	n/a
3319.873333333333	0.0	20	n/a
3324.455	0.0	20	n/a
3324.455	0.0	24	n/a
3331.711666666667	0.0	18	n/a
3331.711666666667	0.0	19	n/a
3331.711666666667	0.0	21	n/a
3331.711666666667	0.0	23	n/a
3331.711666666667	0.0	24	n/a
3331.711666666667	0.0	20	n/a
3335.723333333333	0.0	19	n/a
3335.723333333333	0.0	23	n/a
3335.723333333333	0.0	25	n/a
3340.258333333333	0.0	19	n/a
3340.258333333333	0.0	21	n/a
3340.258333333333	0.0	25	n/a
3340.258333333333	0.0	22	n/a
3345.701666666667	0.0	20	n/a
3345.701666666667	0.0	25	n/a
3345.701666666667	0.0	22	n/a
3345.701666666667	0.0	24	n/a
3350.043333333334	0.0	18	n/a
3350.043333333334	0.0	22	n/a
3350.043333333334	0.0	19	n/a
3353.761666666667	0.0	18	n/a
3353.761666666667	0.0	19	n/a
3353.761666666667	0.0	20	n/a
3353.761666666667	0.0	21	n/a
3357.516666666667	0.0	18	n/a
3357.516666666667	0.0	21	n/a
3357.516666666667	0.0	22	n/a
3357.516666666667	0.0	25	n/a
3357.516666666667	0.0	23	n/a
3361.291666666667	0.0	19	n/a
3361.291666666667	0.0	21	n/a
3361.291666666667	0.0	25	n/a
3361.291666666667	0.0	24	n/a
3365.846666666667	0.0	23	n/a
3370.76	0.0	21	n/a
3370.76	0.0	25	n/a
3370.76	0.0	24	n/a
3370.76	0.0	22	n/a
3375.311666666666	0.0	19	n/a
3375.311666666666	0.0	23	n/a
3375.311666666666	0.0	24	n/a
3379.411666666667	0.0	19	n/a
3379.411666666667	0.0	20	n/a
3379.411666666667	0.0	23	n/a
3383.453333333333	0.0	19	n/a
3383.453333333333	0.0	22	n/a
3383.453333333333	0.0	23	n/a
3387.641666666667	0.0	18	n/a
3387.641666666667	0.0	21	n/a
3387.641666666667	0.0	25	n/a
3387.641666666667	0.0	19	n/a
3387.641666666667	0.0	23	n/a
3387.641666666667	0.0	24	n/a
3387.641666666667	0.0	22	n/a
3392.468333333333	0.0	19	n/a
3401.243333333333	0.0	24	n/a
3512.723333333333	0.0	22	n/a
3566.1	0.0	24	n/a
3674.118333333333	0.0	22	n/a
3734.431666666667	0.0	24	n/a
3800.291666666667	0.0	22	n/a
3860.775	0.0	18	n/a
3860.775	0.0	20	n/a
3860.775	0.0	22	n/a
3860.775	0.0	21	n/a
3860.775	0.0	25	n/a
3864.54	0.0	22	n/a
3864.54	0.0	23	n/a
3864.54	0.0	25	n/a
3868.263333333333	0.0	18	n/a
3868.263333333333	0.0	19	n/a
3868.263333333333	0.0	21	n/a
3868.263333333333	0.0	22	n/a
3868.263333333333	0.0	23	n/a
3868.263333333333	0.0	24	n/a
3871.98	0.0	18	n/a
3871.98	0.0	25	n/a
3871.98	0.0	22	n/a
3875.643333333333	0.0	18	n/a
3875.643333333333	0.0	22	n/a
3879.49	0.0	19	n/a
3879.49	0.0	22	n/a
3879.49	0.0	23	n/a
3879.49	0.0	20	n/a
3879.49	0.0	25	n/a
3883.25	0.0	19	n/a
3883.25	0.0	20	n/a
3883.25	0.0	22	n/a
3883.25	0.0	24	n/a
3883.25	0.0	23	n/a
3887.336666666667	0.0	19	n/a
3887.336666666667	0.0	21	n/a
3887.336666666667	0.0	24	n/a
3887.336666666667	0.0	20	n/a
3887.336666666667	0.0	23	n/a
3891.968333333333	0.0	19	n/a
3891.968333333333	0.0	20	n/a
3891.968333333333	0.0	21	n/a
3896.105	0.0	18	n/a
3896.105	0.0	19	n/a
3896.105	0.0	22	n/a
3896.105	0.0	24	n/a
3896.105	0.0	25	n/a
3896.105	0.0	20	n/a
3896.105	0.0	21	n/a
3899.843333333333	0.0	18	n/a
3899.843333333333	0.0	21	n/a
3899.843333333333	0.0	22	n/a
3899.843333333333	0.0	23	n/a
3899.843333333333	0.0	25	n/a
3899.843333333333	0.0	24	n/a
3904.21	0.0	21	n/a
3904.21	0.0	22	n/a
3904.21	0.0	23	n/a
3904.21	0.0	24	n/a
3908.776666666667	0.0	18	n/a
3908.776666666667	0.0	21	n/a
3908.776666666667	0.0	25	n/a
3914.75	0.0	18	n/a
3914.75	0.0	24	n/a
3914.75	0.0	22	n/a
3914.75	0.0	25	n/a
3921.48	0.0	19	n/a
3921.48	0.0	20	n/a
3921.48	0.0	21	n/a
3925.43	0.0	20	n/a
3925.43	0.0	21	n/a
3925.43	0.0	23	n/a
3929.823333333333	0.0	18	n/a
3929.823333333333	0.0	21	n/a
3929.823333333333	0.0	23	n/a
3929.823333333333	0.0	25	n/a
3934.051666666667	0.0	20	n/a
3934.051666666667	0.0	23	n/a
3937.53	0.0	18	n/a
3937.53	0.0	20	n/a
3937.53	0.0	21	n/a
3937.53	0.0	23	n/a
3937.53	0.0	24	n/a
3937.53	0.0	25	n/a
3942.593333333333	0.0	20	n/a
3942.593333333333	0.0	21	n/a
3942.593333333333	0.0	24	n/a
3961.238333333333	0.0	23	n/a
4047.061666666666	0.0	21	n/a
4068.37	0.0	22	n/a
4114.691666666667	0.0	23	n/a
4211.038333333333	0.0	22	n/a
4262.78	0.0	23	n/a
4314.83	0.0	21	n/a
4338.935	0.0	22	n/a
4411.235	0.0	21	n/a
4411.235	0.0	22	n/a
4411.235	0.0	23	n/a
4415.328333333333	0.0	20	n/a
4415.328333333333	0.0	21	n/a
4415.328333333333	0.0	23	n/a
4415.328333333333	0.0	25	n/a
4420.655	0.0	19	n/a
4420.655	0.0	23	n/a
4420.655	0.0	24	n/a
4420.655	0.0	20	n/a
4420.655	0.0	25	n/a
4424.49	0.0	19	n/a
4424.49	0.0	22	n/a
4428.166666666667	0.0	18	n/a
4428.166666666667	0.0	19	n/a
4428.166666666667	0.0	22	n/a
4428.166666666667	0.0	24	n/a
4433.28	0.0	19	n/a
4433.28	0.0	22	n/a
4433.28	0.0	23	n/a
4433.28	0.0	25	n/a
4433.28	0.0	24	n/a
4438.86	0.0	18	n/a
4438.86	0.0	19	n/a
4438.86	0.0	23	n/a
4442.673333333333	0.0	19	n/a
4442.673333333333	0.0	21	n/a
4442.673333333333	0.0	23	n/a
4442.673333333333	0.0	24	n/a
4442.673333333333	0.0	22	n/a
4442.673333333333	0.0	25	n/a
4447.23	0.0	18	n/a
4447.23	0.0	19	n/a
4447.23	0.0	23	n/a
4447.23	0.0	24	n/a
4451.73	0.0	18	n/a
4451.73	0.0	20	n/a
4451.73	0.0	24	n/a
4451.73	0.0	23	n/a
4451.73	0.0	25	n/a
4456.543333333333	0.0	18	n/a
4456.543333333333	0.0	24	n/a
4456.543333333333	0.0	20	n/a
4456.543333333333	0.0	21	n/a
4456.543333333333	0.0	25	n/a
4456.543333333333	0.0	22	n/a
4460.808333333333	0.0	19	n/a
4460.808333333333	0.0	21	n/a
4460.808333333333	0.0	22	n/a
4460.808333333333	0.0	20	n/a
4464.64	0.0	19	n/a
4464.64	0.0	24	n/a
4464.64	0.0	21	n/a
4464.64	0.0	20	n/a
4469.096666666666	0.0	18	n/a
4469.096666666666	0.0	20	n/a
4469.096666666666	0.0	21	n/a
4469.096666666666	0.0	24	n/a
4469.096666666666	0.0	23	n/a
4474.205	0.0	18	n/a
4474.205	0.0	23	n/a
4474.205	0.0	20	n/a
4474.205	0.0	19	n/a
4474.205	0.0	21	n/a
4474.205	0.0	25	n/a
4478.201666666667	0.0	20	n/a
4478.201666666667	0.0	21	n/a
4478.201666666667	0.0	24	n/a
4478.201666666667	0.0	23	n/a
4478.201666666667	0.0	25	n/a
4483.275	0.0	18	n/a
4483.275	0.0	21	n/a
4483.275	0.0	22	n/a
4483.275	0.0	23	n/a
4483.275	0.0	19	n/a
4487.206666666667	0.0	18	n/a
4487.206666666667	0.0	25	n/a
4487.206666666667	0.0	19	n/a
4487.206666666667	0.0	21	n/a
4487.206666666667	0.0	22	n/a
4491.766666666666	0.0	20	n/a
4491.766666666666	0.0	22	n/a
4507.578333333333	0.0	23	n/a
4592.321666666667	0.0	21	n/a
4617.433333333333	0.0	22	n/a
4668.301666666666	0.0	23	n/a
4729.651666666667	0.0	21	n/a
4753.876666666667	0.0	22	n/a
4816.358333333334	0.0	23	n/a
4870.34	0.0	21	n/a
4893.075	0.0	22	n/a
4935.055	0.0	18	n/a
4935.055	0.0	24	n/a
4935.055	0.0	20	n/a
4939.795	0.0	18	n/a
4939.795	0.0	20	n/a
4939.795	0.0	23	n/a
4939.795	0.0	22	n/a
4947.291666666667	0.0	20	n/a
4947.291666666667	0.0	25	n/a
4951.64	0.0	21	n/a
4951.64	0.0	22	n/a
4956.116666666667	0.0	18	n/a
4956.116666666667	0.0	25	n/a
4956.116666666667	0.0	23	n/a
4956.116666666667	0.0	22	n/a
4956.116666666667	0.0	20	n/a
4956.116666666667	0.0	24	n/a
4956.116666666667	0.0	19	n/a
4960.07	0.0	18	n/a
4960.07	0.0	19	n/a
4960.07	0.0	20	n/a
4960.07	0.0	21	n/a
4960.07	0.0	23	n/a
4964.265	0.0	18	n/a
4964.265	0.0	21	n/a
4964.265	0.0	22	n/a
4968.8	0.0	18	n/a
4968.8	0.0	23	n/a
4968.8	0.0	25	n/a
4968.8	0.0	24	n/a
4973.196666666667	0.0	18	n/a
4973.196666666667	0.0	20	n/a
4973.196666666667	0.0	19	n/a
4973.196666666667	0.0	25	n/a
4973.196666666667	0.0	21	n/a
4977.756666666667	0.0	19	n/a
4977.756666666667	0.0	23	n/a
4977.756666666667	0.0	25	n/a
4977.756666666667	0.0	24	n/a
4983.838333333333	0.0	19	n/a
4983.838333333333	0.0	20	n/a
4983.838333333333	0.0	21	n/a
4983.838333333333	0.0	23	n/a
4983.838333333333	0.0	24	n/a
4983.838333333333	0.0	22	n/a
4989.7	0.0	19	n/a
4989.7	0.0	23	n/a
4989.7	0.0	22	n/a
4989.7	0.0	25	n/a
4993.975	0.0	21	n/a
4993.975	0.0	23	n/a
4997.93	0.0	19	n/a
4997.93	0.0	21	n/a
4997.93	0.0	24	n/a
5002.393333333333	0.0	18	n/a
5002.393333333333	0.0	21	n/a
5002.393333333333	0.0	24	n/a
5002.393333333333	0.0	25	n/a
5006.64	0.0	23	n/a
5006.64	0.0	24	n/a
5011.03	0.0	19	n/a
5011.03	0.0	20	n/a
5011.03	0.0	23	n/a
5011.03	0.0	22	n/a
5011.03	0.0	21	n/a
5011.03	0.0	25	n/a
5015.576666666667	0.0	19	n/a
5015.576666666667	0.0	21	n/a
5019.785	0.0	18	n/a
5019.785	0.0	20	n/a
5019.785	0.0	23	n/a
5024.325	0.0	18	n/a
5024.325	0.0	20	n/a
5024.325	0.0	22	n/a
5024.325	0.0	25	n/a
5032.688333333334	0.0	24	n/a
5142.198333333334	0.0	22	n/a
5191.223333333333	0.0	24	n/a
5263.926666666666	0.0	22	n/a
5323.425	0.0	24	n/a
5414.776666666667	0.0	22	n/a
5449.106666666667	0.0	18	n/a
5449.106666666667	0.0	24	n/a
5449.106666666667	0.0	22	n/a
5449.106666666667	0.0	23	n/a
5453.86	0.0	18	n/a
5453.86	0.0	19	n/a
5453.86	0.0	21	n/a
5453.86	0.0	23	n/a
5457.523333333334	0.0	18	n/a
5457.523333333334	0.0	19	n/a
5457.523333333334	0.0	20	n/a
5457.523333333334	0.0	24	n/a
5462.08	0.0	19	n/a
5462.08	0.0	22	n/a
5462.08	0.0	23	n/a
5462.08	0.0	20	n/a
5462.08	0.0	25	n/a
5462.08	0.0	24	n/a
5466.938333333334	0.0	19	n/a
5466.938333333334	0.0	21	n/a
5466.938333333334	0.0	25	n/a
5470.473333333333	0.0	21	n/a
5470.473333333333	0.0	22	n/a
5473.895	0.0	20	n/a
5477.34	0.0	18	n/a
5477.34	0.0	24	n/a
5477.34	0.0	19	n/a
5477.34	0.0	25	n/a
5477.34	0.0	23	n/a
5481.218333333333	0.0	18	n/a
5481.218333333333	0.0	20	n/a
5481.218333333333	0.0	19	n/a
5481.218333333333	0.0	21	n/a
5481.218333333333	0.0	24	n/a
5481.218333333333	0.0	25	n/a
5485.893333333333	0.0	19	n/a
5485.893333333333	0.0	21	n/a
5485.893333333333	0.0	22	n/a
5485.893333333333	0.0	24	n/a
5485.893333333333	0.0	25	n/a
5490.65	0.0	18	n/a
5490.65	0.0	23	n/a
5490.65	0.0	20	n/a
5490.65	0.0	21	n/a
5490.65	0.0	22	n/a
5495.231666666667	0.0	20	n/a
5495.231666666667	0.0	21	n/a
5495.231666666667	0.0	22	n/a
5495.231666666667	0.0	24	n/a
5499.86	0.0	18	n/a
5499.86	0.0	20	n/a
5499.86	0.0	24	n/a
5499.86	0.0	21	n/a
5504.341666666666	0.0	21	n/a
5504.341666666666	0.0	25	n/a
5508.256666666667	0.0	18	n/a
5508.256666666667	0.0	22	n/a
5512.495	0.0	18	n/a
5512.495	0.0	21	n/a
5512.495	0.0	22	n/a
5512.495	0.0	24	n/a
5516.463333333333	0.0	20	n/a
5516.463333333333	0.0	21	n/a
5516.463333333333	0.0	24	n/a
5516.463333333333	0.0	25	n/a
5520.58	0.0	19	n/a
5520.58	0.0	22	n/a
5524.005	0.0	21	n/a
5524.005	0.0	22	n/a
5524.005	0.0	23	n/a
5524.005	0.0	25	n/a
5527.681666666666	0.0	18	n/a
5527.681666666666	0.0	21	n/a
5527.681666666666	0.0	22	n/a
5527.681666666666	0.0	24	n/a
5527.681666666666	0.0	25	n/a
5535.428333333333	0.0	23	n/a
5587.541666666667	0.0	21	n/a
5612.388333333333	0.0	22	n/a
5656.436666666666	0.0	23	n/a
5721.533333333334	0.0	21	n/a
5745.226666666666	0.0	22	n/a
5787.88	0.0	23	n/a
5845.178333333333	0.0	21	n/a
5870.761666666666	0.0	22	n/a
5922.628333333333	0.0	19	n/a
5922.628333333333	0.0	21	n/a
5922.628333333333	0.0	23	n/a
5922.628333333333	0.0	25	n/a
5926.746666666667	0.0	20	n/a
5930.438333333334	0.0	22	n/a
5930.438333333334	0.0	24	n/a
5930.438333333334	0.0	25	n/a
5934.625	0.0	19	n/a
5934.625	0.0	23	n/a
5934.625	0.0	20	n/a
5934.625	0.0	21	n/a
5934.625	0.0	22	n/a
5938.723333333333	0.0	19	n/a
5938.723333333333	0.0	24	n/a
5938.723333333333	0.0	25	n/a
5938.723333333333	0.0	22	n/a
5942.536666666667	0.0	18	n/a
5942.536666666667	0.0	22	n/a
5942.536666666667	0.0	24	n/a
5946.623333333333	0.0	18	n/a
5946.623333333333	0.0	19	n/a
5946.623333333333	0.0	22	n/a
5946.623333333333	0.0	25	n/a
5950.383333333333	0.0	18	n/a
5950.383333333333	0.0	24	n/a
5950.383333333333	0.0	23	n/a
5950.383333333333	0.0	22	n/a
5950.383333333333	0.0	21	n/a
5954.536666666667	0.0	18	n/a
5954.536666666667	0.0	19	n/a
5954.536666666667	0.0	22	n/a
5954.536666666667	0.0	23	n/a
5958.535	0.0	21	n/a
5962.543333333333	0.0	21	n/a
5962.543333333333	0.0	22	n/a
5962.543333333333	0.0	25	n/a
5966.681666666666	0.0	18	n/a
5966.681666666666	0.0	22	n/a
5966.681666666666	0.0	19	n/a
5970.385	0.0	18	n/a
5970.385	0.0	21	n/a
5970.385	0.0	25	n/a
5970.385	0.0	22	n/a
5974.543333333333	0.0	18	n/a
5974.543333333333	0.0	19	n/a
5979.143333333333	0.0	19	n/a
5979.143333333333	0.0	21	n/a
5979.143333333333	0.0	22	n/a
5979.143333333333	0.0	24	n/a
5984.773333333334	0.0	19	n/a
5984.773333333334	0.0	25	n/a
5984.773333333334	0.0	21	n/a
5984.773333333334	0.0	20	n/a
5988.428333333333	0.0	18	n/a
5988.428333333333	0.0	19	n/a
5988.428333333333	0.0	25	n/a
5988.428333333333	0.0	21	n/a
5988.428333333333	0.0	23	n/a
5992.42	0.0	18	n/a
5992.42	0.0	20	n/a
5992.42	0.0	19	n/a
5992.42	0.0	21	n/a
5992.42	0.0	22	n/a
5992.42	0.0	24	n/a
5997.063333333334	0.0	18	n/a
5997.063333333334	0.0	20	n/a
5997.063333333334	0.0	23	n/a
5997.063333333334	0.0	21	n/a
6002.546666666667	0.0	21	n/a
6002.546666666667	0.0	22	n/a
6002.546666666667	0.0	24	n/a
6010.691666666667	0.0	24	n/a
6077.805	0.0	22	n/a
6116.283333333334	0.0	24	n/a
6232.106666666667	0.0	22	n/a
6286.65	0.0	24	n/a
6387.22	0.0	22	n/a
6436.955	0.0	20	n/a
6436.955	0.0	23	n/a
6436.955	0.0	25	n/a
6441.853333333333	0.0	20	n/a
6441.853333333333	0.0	21	n/a
6446.363333333334	0.0	23	n/a
6446.363333333334	0.0	25	n/a
6450.243333333333	0.0	18	n/a
6454.996666666667	0.0	22	n/a
6454.996666666667	0.0	25	n/a
6459.26	0.0	18	n/a
6459.26	0.0	20	n/a
6459.26	0.0	19	n/a
6459.26	0.0	22	n/a
6463.478333333333	0.0	19	n/a
6463.478333333333	0.0	20	n/a
6463.478333333333	0.0	21	n/a
6463.478333333333	0.0	23	n/a
6468.41	0.0	19	n/a
6468.41	0.0	20	n/a
6468.41	0.0	21	n/a
6468.41	0.0	25	n/a
6468.41	0.0	24	n/a
6472.135	0.0	18	n/a
6472.135	0.0	23	n/a
6472.135	0.0	20	n/a
6472.135	0.0	24	n/a
6476.1	0.0	20	n/a
6476.1	0.0	21	n/a
6476.1	0.0	24	n/a
6476.1	0.0	23	n/a
6482.086666666667	0.0	19	n/a
6482.086666666667	0.0	20	n/a
6482.086666666667	0.0	24	n/a
6486.828333333333	0.0	18	n/a
6486.828333333333	0.0	23	n/a
6486.828333333333	0.0	24	n/a
6490.546666666667	0.0	20	n/a
6490.546666666667	0.0	22	n/a
6494.685	0.0	19	n/a
6494.685	0.0	22	n/a
6494.685	0.0	24	n/a
6498.923333333333	0.0	19	n/a
6498.923333333333	0.0	20	n/a
6498.923333333333	0.0	22	n/a
6498.923333333333	0.0	21	n/a
6498.923333333333	0.0	25	n/a
6503.2	0.0	19	n/a
6503.2	0.0	22	n/a
6503.2	0.0	23	n/a
6503.2	0.0	24	n/a
6507.381666666667	0.0	18	n/a
6507.381666666667	0.0	22	n/a
6507.381666666667	0.0	19	n/a
6507.381666666667	0.0	23	n/a
6507.381666666667	0.0	25	n/a
6507.381666666667	0.0	21	n/a
6511.315	0.0	19	n/a
6511.315	0.0	22	n/a
6511.315	0.0	25	n/a
6515.585	0.0	18	n/a
6515.585	0.0	23	n/a
6515.585	0.0	25	n/a
6519.246666666667	0.0	20	n/a
6519.246666666667	0.0	21	n/a
6519.246666666667	0.0	22	n/a
6519.246666666667	0.0	23	n/a
6527.26	0.0	23	n/a
6550.058333333333	0.0	21	n/a
6573.456666666667	0.0	22	n/a
6602.32	0.0	23	n/a
6626.096666666666	0.0	21	n/a
6652.545	0.0	22	n/a
6689.33	0.0	23	n/a
6707.891666666666	0.0	21	n/a
6734.49	0.0	22	n/a
6765.293333333333	0.0	19	n/a
6765.293333333333	0.0	25	n/a
6769.773333333334	0.0	19	n/a
6769.773333333334	0.0	20	n/a
6773.133333333333	0.0	18	n/a
6773.133333333333	0.0	23	n/a
6773.133333333333	0.0	21	n/a
6773.133333333333	0.0	24	n/a
6773.133333333333	0.0	20	n/a
6773.133333333333	0.0	22	n/a
6778.476666666666	0.0	18	n/a
6778.476666666666	0.0	22	n/a
6778.476666666666	0.0	20	n/a
6778.476666666666	0.0	24	n/a
6783.401666666667	0.0	19	n/a
6783.401666666667	0.0	25	n/a
6783.401666666667	0.0	20	n/a
6783.401666666667	0.0	23	n/a
6783.401666666667	0.0	24	n/a
6783.401666666667	0.0	21	n/a
6783.401666666667	0.0	22	n/a
6787.193333333334	0.0	19	n/a
6787.193333333334	0.0	22	n/a
6787.193333333334	0.0	21	n/a
6787.193333333334	0.0	25	n/a
6787.193333333334	0.0	23	n/a
6791.943333333334	0.0	19	n/a
6791.943333333334	0.0	20	n/a
6791.943333333334	0.0	25	n/a
6791.943333333334	0.0	23	n/a
6795.391666666666	0.0	19	n/a
6795.391666666666	0.0	20	n/a
6795.391666666666	0.0	25	n/a
6795.391666666666	0.0	24	n/a
6795.391666666666	0.0	23	n/a
6795.391666666666	0.0	21	n/a
6799.323333333334	0.0	20	n/a
6799.323333333334	0.0	21	n/a
6803.041666666667	0.0	18	n/a
6803.041666666667	0.0	20	n/a
6803.041666666667	0.0	25	n/a
6803.041666666667	0.0	21	n/a
6803.041666666667	0.0	22	n/a
6803.041666666667	0.0	19	n/a
6806.625	0.0	18	n/a
6806.625	0.0	19	n/a
6806.625	0.0	23	n/a
6806.625	0.0	24	n/a
6806.625	0.0	20	n/a
6810.561666666666	0.0	20	n/a
6810.561666666666	0.0	24	n/a
6810.561666666666	0.0	25	n/a
6815.346666666666	0.0	18	n/a
6815.346666666666	0.0	21	n/a
6819.175	0.0	18	n/a
6819.175	0.0	20	n/a
6819.175	0.0	21	n/a
6819.175	0.0	22	n/a
6823.343333333333	0.0	18	n/a
6823.343333333333	0.0	20	n/a
6823.343333333333	0.0	21	n/a
6823.343333333333	0.0	22	n/a
6823.343333333333	0.0	25	n/a
6823.343333333333	0.0	24	n/a
6823.343333333333	0.0	23	n/a
6827.481666666667	0.0	22	n/a
6827.481666666667	0.0	24	n/a
6827.481666666667	0.0	25	n/a
6827.481666666667	0.0	23	n/a
6831.213333333333	0.0	22	n/a
6835.226666666666	0.0	18	n/a
6835.226666666666	0.0	23	n/a
6835.226666666666	0.0	20	n/a
6835.226666666666	0.0	19	n/a
6839.34	0.0	18	n/a
6839.34	0.0	25	n/a
6839.34	0.0	19	n/a
6843.433333333333	0.0	20	n/a
6843.433333333333	0.0	22	n/a
6843.433333333333	0.0	25	n/a
6843.433333333333	0.0	21	n/a
6851.646666666667	0.0	24	n/a
6958.04	0.0	22	n/a
6988.035	0.0	24	n/a
7099.956666666667	0.0	22	n/a
7124.14	0.0	24	n/a
7228.753333333333	0.0	22	n/a
7250.001666666667	0.0	24	n/a
7333.76	0.0	22	n/a
7393.336666666667	0.0	24	n/a
7466.258333333333	0.0	22	n/a
7528.078333333333	0.0	24	n/a
7609.631666666667	0.0	22	n/a
7644.565	0.0	18	n/a
7644.565	0.0	25	n/a
7644.565	0.0	24	n/a
7644.565	0.0	19	n/a
7644.565	0.0	21	n/a
7644.565	0.0	20	n/a
7644.565	0.0	23	n/a
7649.418333333333	0.0	18	n/a
7649.418333333333	0.0	19	n/a
7649.418333333333	0.0	22	n/a
7649.418333333333	0.0	20	n/a
7653.953333333333	0.0	20	n/a
7653.953333333333	0.0	22	n/a
7653.953333333333	0.0	21	n/a
7657.956666666667	0.0	18	n/a
7657.956666666667	0.0	23	n/a
7657.956666666667	0.0	22	n/a
7657.956666666667	0.0	19	n/a
7657.956666666667	0.0	24	n/a
7657.956666666667	0.0	25	n/a
7661.913333333333	0.0	18	n/a
7661.913333333333	0.0	19	n/a
7661.913333333333	0.0	20	n/a
7666.21	0.0	19	n/a
7666.21	0.0	20	n/a
7666.21	0.0	22	n/a
7669.673333333333	0.0	18	n/a
7669.673333333333	0.0	19	n/a
7669.673333333333	0.0	21	n/a
7669.673333333333	0.0	24	n/a
7669.673333333333	0.0	22	n/a
7674.675	0.0	18	n/a
7674.675	0.0	20	n/a
7674.675	0.0	23	n/a
7674.675	0.0	21	n/a
7674.675	0.0	25	n/a
7679.546666666667	0.0	19	n/a
7679.546666666667	0.0	21	n/a
7683.606666666667	0.0	18	n/a
7683.606666666667	0.0	20	n/a
7683.606666666667	0.0	22	n/a
7683.606666666667	0.0	24	n/a
7683.606666666667	0.0	23	n/a
7687.338333333333	0.0	20	n/a
7687.338333333333	0.0	22	n/a
7687.338333333333	0.0	21	n/a
7687.338333333333	0.0	25	n/a
7687.338333333333	0.0	23	n/a
7691.215	0.0	19	n/a
7691.215	0.0	20	n/a
7696.883333333333	0.0	18	n/a
7696.883333333333	0.0	22	n/a
7696.883333333333	0.0	21	n/a
7696.883333333333	0.0	20	n/a
7696.883333333333	0.0	25	n/a
7696.883333333333	0.0	23	n/a
7696.883333333333	0.0	19	n/a
7700.953333333333	0.0	18	n/a
7700.953333333333	0.0	20	n/a
7700.953333333333	0.0	25	n/a
7700.953333333333	0.0	24	n/a
7700.953333333333	0.0	23	n/a
7700.953333333333	0.0	22	n/a
7705.113333333334	0.0	19	n/a
7705.113333333334	0.0	20	n/a
7705.113333333334	0.0	23	n/a
7705.113333333334	0.0	24	n/a
7709.118333333333	0.0	19	n/a
7709.118333333333	0.0	22	n/a
7709.118333333333	0.0	20	n/a
7709.118333333333	0.0	24	n/a
7712.788333333333	0.0	18	n/a
7712.788333333333	0.0	24	n/a
7712.788333333333	0.0	25	n/a
7712.788333333333	0.0	20	n/a
7716.646666666667	0.0	18	n/a
7716.646666666667	0.0	19	n/a
7716.646666666667	0.0	20	n/a
7716.646666666667	0.0	23	n/a
7716.646666666667	0.0	25	n/a
7721.15	0.0	18	n/a
7721.15	0.0	20	n/a
7721.15	0.0	21	n/a
7721.15	0.0	22	n/a
7721.15	0.0	24	n/a
7725.045	0.0	19	n/a
7725.045	0.0	20	n/a
7725.045	0.0	25	n/a
7725.045	0.0	21	n/a
7725.045	0.0	23	n/a
7732.005	0.0	23	n/a
7799.028333333334	0.0	21	n/a
7799.208333333333	0.0	21	n/a
7799.568333333334	0.0	21	n/a
7824.326666666667	0.0	22	n/a
7863.658333333334	0.0	23	n/a
7908.81	0.0	21	n/a
7934.813333333334	0.0	22	n/a
7968.711666666667	0.0	23	n/a
8005.053333333333	0.0	21	n/a
8031.188333333334	0.0	22	n/a
8066.973333333333	0.0	19	n/a
8066.973333333333	0.0	21	n/a
8066.973333333333	0.0	23	n/a
8066.973333333333	0.0	24	n/a
8066.973333333333	0.0	25	n/a
8071.99	0.0	18	n/a
8071.99	0.0	20	n/a
8071.99	0.0	22	n/a
8071.99	0.0	25	n/a
8071.99	0.0	23	n/a
8074.768333333333	0.0	19	n/a
8074.768333333333	0.0	20	n/a
8074.768333333333	0.0	24	n/a
8074.768333333333	0.0	21	n/a
8074.768333333333	0.0	22	n/a
8077.375	0.0	18	n/a
8077.375	0.0	25	n/a
8077.375	0.0	20	n/a
8077.375	0.0	19	n/a
8077.375	0.0	22	n/a
8079.921666666667	0.0	18	n/a
8079.921666666667	0.0	23	n/a
8082.505	0.0	18	n/a
8082.505	0.0	25	n/a
8082.505	0.0	20	n/a
8082.505	0.0	24	n/a
8082.505	0.0	21	n/a
8082.505	0.0	19	n/a
8082.505	0.0	23	n/a
8082.505	0.0	22	n/a
8085.156666666667	0.0	18	n/a
8085.156666666667	0.0	20	n/a
8087.71	0.0	18	n/a
8087.71	0.0	21	n/a
8087.71	0.0	24	n/a
8090.391666666666	0.0	18	n/a
8090.391666666666	0.0	20	n/a
8090.391666666666	0.0	25	n/a
8090.391666666666	0.0	23	n/a
8093.153333333334	0.0	19	n/a
8093.153333333334	0.0	23	n/a
8095.876666666667	0.0	18	n/a
8095.876666666667	0.0	21	n/a
8098.628333333333	0.0	21	n/a
8098.628333333333	0.0	25	n/a
8098.628333333333	0.0	23	n/a
8098.628333333333	0.0	24	n/a
8101.326666666667	0.0	18	n/a
8101.326666666667	0.0	19	n/a
8101.326666666667	0.0	23	n/a
8101.326666666667	0.0	25	n/a
8103.98	0.0	19	n/a
8103.98	0.0	20	n/a
8103.98	0.0	22	n/a
8106.705	0.0	19	n/a
8106.705	0.0	22	n/a
8106.705	0.0	21	n/a
8106.705	0.0	23	n/a
8109.3	0.0	18	n/a
8109.3	0.0	19	n/a
8111.928333333333	0.0	18	n/a
8111.928333333333	0.0	21	n/a
8111.928333333333	0.0	23	n/a
8114.661666666667	0.0	20	n/a
8114.661666666667	0.0	22	n/a
8114.661666666667	0.0	23	n/a
8117.438333333334	0.0	18	n/a
8117.438333333334	0.0	19	n/a
8117.438333333334	0.0	22	n/a
8117.438333333334	0.0	20	n/a
8117.438333333334	0.0	21	n/a
8120.255	0.0	18	n/a
8120.255	0.0	19	n/a
8120.255	0.0	20	n/a
8120.255	0.0	25	n/a
